Search Term,Title,Source,Publication Date,Link,Utilité,Publication,Année,name,lire en ligne,périodique,date
Malene Rydahl,Malène Rydahl nommée directrice de la communication corporate Hyatt pour la zone EMEA - L'Hôtellerie Restauration,L'Hôtellerie Restauration,"Thu, 29 Mar 2012 07:00:00 GMT",https://news.google.com/rss/articles/CBMi0AFBVV95cUxOZnZUTzVPemhrZk9fMElCODFLWGNxY21ENEZ2Q3ZXenhlV1BIbFJOTXVLallnOUR1aXZRbzhvSzgzXzVpaGNoT3gtNFVodDExbHd4bHU1TEhqcHFPa0NFMHR3dHNyV19XNVpyMVdhTU1ldmJsTzJfWmk0STliZDdIbFpoS00xVjVSOVUyVDN2Yll4SFlvUHF1c09DR3lTaWlITWdOaTlKNjdIc0ZqaDdyYzk2T1pZajA0TTd0VW10SWRSOXNlTG5rWm10T2RNcGZL?oc=5,,L'Hôtellerie Restauration,2012,,https://news.google.com/rss/articles/CBMi0AFBVV95cUxOZnZUTzVPemhrZk9fMElCODFLWGNxY21ENEZ2Q3ZXenhlV1BIbFJOTXVLallnOUR1aXZRbzhvSzgzXzVpaGNoT3gtNFVodDExbHd4bHU1TEhqcHFPa0NFMHR3dHNyV19XNVpyMVdhTU1ldmJsTzJfWmk0STliZDdIbFpoS00xVjVSOVUyVDN2Yll4SFlvUHF1c09DR3lTaWlITWdOaTlKNjdIc0ZqaDdyYzk2T1pZajA0TTd0VW10SWRSOXNlTG5rWm10T2RNcGZL?oc=5,L'Hôtellerie Restauration,2012-03-29
Malene Rydahl,Mais pourquoi est-on si heureux en Europe du Nord ? - France Inter,France Inter,"Wed, 29 Jul 2015 07:00:00 GMT",https://news.google.com/rss/articles/CBMinAFBVV95cUxNSGFZSHVIWnVnOElDOTR0ZDVsVXNQSVpIMEk1TTZ4aWYtQVNCX3RoM1dRTktKa01kaVVCbDFFOHJrM1dNdHdpaU9QZ01fdUpYdlJFZGd3LTZKdUMyenppcWwwa1ZHMU9saDRFLVNDT3plamktYzVEeWRjb0tVcjdVMzZwVkJUOE1jV2xoV1BfZHlHeGdpQjhNRUVPb28?oc=5,,France Inter,2015,,https://news.google.com/rss/articles/CBMinAFBVV95cUxNSGFZSHVIWnVnOElDOTR0ZDVsVXNQSVpIMEk1TTZ4aWYtQVNCX3RoM1dRTktKa01kaVVCbDFFOHJrM1dNdHdpaU9QZ01fdUpYdlJFZGd3LTZKdUMyenppcWwwa1ZHMU9saDRFLVNDT3plamktYzVEeWRjb0tVcjdVMzZwVkJUOE1jV2xoV1BfZHlHeGdpQjhNRUVPb28?oc=5,France Inter,2015-07-29
Malene Rydahl,"Malene Rydalh, la Danoise qui explique comment être heureux comme un Danois - Le Vif Weekend",Le Vif Weekend,"Fri, 20 Mar 2015 07:00:00 GMT",https://news.google.com/rss/articles/CBMitAFBVV95cUxQdm15UVlHM1dLYkpZX3daUUNNcWdUYTRXamYxV05aMVJLU0hhdTFOZWZlUHdnZGg0YTlJR0dJV2JqZmczbDQ1VTFzbFRNZUZ1WHUwRlljVm9uUEw3LWdTX2lFUWVXNlpRMzBtRnFQRkV5RFkxeVdCNFNQN0NlNEZwMVJvVGI2ekl4R2RZQ1NrWVVTRTZ4LTc2dnJnM0FDN3lETDRsbWV1NXE5Mm5vTDRaUExwTVk?oc=5,,Le Vif Weekend,2015,,https://news.google.com/rss/articles/CBMitAFBVV95cUxQdm15UVlHM1dLYkpZX3daUUNNcWdUYTRXamYxV05aMVJLU0hhdTFOZWZlUHdnZGg0YTlJR0dJV2JqZmczbDQ1VTFzbFRNZUZ1WHUwRlljVm9uUEw3LWdTX2lFUWVXNlpRMzBtRnFQRkV5RFkxeVdCNFNQN0NlNEZwMVJvVGI2ekl4R2RZQ1NrWVVTRTZ4LTc2dnJnM0FDN3lETDRsbWV1NXE5Mm5vTDRaUExwTVk?oc=5,Le Vif Weekend,2015-03-20
Malene Rydahl,"Le « hygge », la recette danoise du bonheur - Le Monde",Le Monde,"Sat, 15 Oct 2016 07:00:00 GMT",https://news.google.com/rss/articles/CBMiqgFBVV95cUxQbFM0OE53cmRHTEhrYVotT1ZhUlZDeVlJVGlnMTJHcE9hNFFiYkFibVZhYUtSUGZFZnRKZEU2NzFEM2d1MWNxTWtqZzYtejBmZDlkLTFOZmR4dC1hS2JaMlZpaWQ3MllsNV9sd3hBYWI0MDllNVEtR1lYTWJxZkN6aEdMTTZCZlpmRXBqSGJFY2xITjNLWjVKMTU4akNFOE9rS2MxRWxZU2wwUQ?oc=5,,Le Monde,2016,,https://news.google.com/rss/articles/CBMiqgFBVV95cUxQbFM0OE53cmRHTEhrYVotT1ZhUlZDeVlJVGlnMTJHcE9hNFFiYkFibVZhYUtSUGZFZnRKZEU2NzFEM2d1MWNxTWtqZzYtejBmZDlkLTFOZmR4dC1hS2JaMlZpaWQ3MllsNV9sd3hBYWI0MDllNVEtR1lYTWJxZkN6aEdMTTZCZlpmRXBqSGJFY2xITjNLWjVKMTU4akNFOE9rS2MxRWxZU2wwUQ?oc=5,Le Monde,2016-10-15
Malene Rydahl,Aussi heureux qu'un Danois au travail - Les Échos,Les Échos,"Fri, 16 Sep 2016 07:00:00 GMT",https://news.google.com/rss/articles/CBMiggFBVV95cUxPUjczZTFrZXgxbHA2Y2xmaWN5Wm5WYzdyM3dOOEdIdUoxRlc4dzBfangzLWJDYi1XbEdYc0hLWXRIc3pOVU5HbHprYW9MRWdkM18zMEpDclN2bTZ6ZURVdXNhb0dOUGFLODJGcHVmUjl4bW5WZ1YzcTFwblpBQU1uSWR3?oc=5,,Les Échos,2016,,https://news.google.com/rss/articles/CBMiggFBVV95cUxPUjczZTFrZXgxbHA2Y2xmaWN5Wm5WYzdyM3dOOEdIdUoxRlc4dzBfangzLWJDYi1XbEdYc0hLWXRIc3pOVU5HbHprYW9MRWdkM18zMEpDclN2bTZ6ZURVdXNhb0dOUGFLODJGcHVmUjl4bW5WZ1YzcTFwblpBQU1uSWR3?oc=5,Les Échos,2016-09-16
Malene Rydahl,À quel âge les Européens partent-ils de chez leurs parents ? - Ouest-France,Ouest-France,"Fri, 19 Aug 2016 07:00:00 GMT",https://news.google.com/rss/articles/CBMirAFBVV95cUxNUk5taTY1YXhhTE9PeGlLblduWEhZTjQ3UWtFV3FFZlJ5X3FGaTZGdWRnWkNKME1sV3hjaWN0b2hpVklmQ0pMS2J1MUtDY21JLVoyZHM5cFJOdFJPZkg0Ml93Slk1aEhPRHFhWFNpb0VwTUd6bmRBQWxaMkdybnJfZjZ4TnFNNm9TdzAtNG1JTHJsOHZ5RWgxVHhZTEd3ekNiRTN4VGduWWpuSnRs?oc=5,,Ouest-France,2016,,https://news.google.com/rss/articles/CBMirAFBVV95cUxNUk5taTY1YXhhTE9PeGlLblduWEhZTjQ3UWtFV3FFZlJ5X3FGaTZGdWRnWkNKME1sV3hjaWN0b2hpVklmQ0pMS2J1MUtDY21JLVoyZHM5cFJOdFJPZkg0Ml93Slk1aEhPRHFhWFNpb0VwTUd6bmRBQWxaMkdybnJfZjZ4TnFNNm9TdzAtNG1JTHJsOHZ5RWgxVHhZTEd3ekNiRTN4VGduWWpuSnRs?oc=5,Ouest-France,2016-08-19
Malene Rydahl,"3ème édition des Napoléons (2) : Du temps subi au temps choisi, quelles alternatives ? - Le blog du communicant",Le blog du communicant,"Sun, 17 Jan 2016 08:00:00 GMT",https://news.google.com/rss/articles/CBMiygFBVV95cUxNdFNMako5dTFnS21iQmVvMk9jOUNNNE5yOFhFS2FJeGw1Y1B2ZURKZHRfV1FLOVBvaGlOb2pfZTRpbnJQbTczU3AwZ3lwbUV5ekxuS08zM1FtY1FMbm5lc295YjJXRlRUeHgwQ01MOWMzR3Boc0RGek83dy15MVNvSkw2N3UzQU5mRGpqbzUxaEhON3MzeXF6ZGo1S0s4YWM0UEFaYy1rS29YZW9EcGIzdk1VN0RmbGJ2VmktdlRwbkVxeTNMalU2WmxR?oc=5,,Le blog du communicant,2016,,https://news.google.com/rss/articles/CBMiygFBVV95cUxNdFNMako5dTFnS21iQmVvMk9jOUNNNE5yOFhFS2FJeGw1Y1B2ZURKZHRfV1FLOVBvaGlOb2pfZTRpbnJQbTczU3AwZ3lwbUV5ekxuS08zM1FtY1FMbm5lc295YjJXRlRUeHgwQ01MOWMzR3Boc0RGek83dy15MVNvSkw2N3UzQU5mRGpqbzUxaEhON3MzeXF6ZGo1S0s4YWM0UEFaYy1rS29YZW9EcGIzdk1VN0RmbGJ2VmktdlRwbkVxeTNMalU2WmxR?oc=5,Le blog du communicant,2016-01-17
Malene Rydahl,"Le “hygge”, la philosophie danoise du bonheur, est la tendance de l’hiver - Konbini",Konbini,"Fri, 18 Nov 2016 08:00:00 GMT",https://news.google.com/rss/articles/CBMinwFBVV95cUxPNE9Pb3cxZ185TmhMRUIyZXI2T2taXy1nZzhiVnNNWkg5WVZZZmpDTk9yWnFkdnFTdjBUQ2JIUlNhaGk4WElFb3dFNWRpaFF3MThzTlpyWnhoSmN1Q2ZtaTZSbm1CckFIbE5LTi1pM3kyM1ptRGlWcm41SG1DeElDWjJ6Tm9CazJpQTZZdDliUUw0eW8yWi1BTzBzckhCLTA?oc=5,,Konbini,2016,,https://news.google.com/rss/articles/CBMinwFBVV95cUxPNE9Pb3cxZ185TmhMRUIyZXI2T2taXy1nZzhiVnNNWkg5WVZZZmpDTk9yWnFkdnFTdjBUQ2JIUlNhaGk4WElFb3dFNWRpaFF3MThzTlpyWnhoSmN1Q2ZtaTZSbm1CckFIbE5LTi1pM3kyM1ptRGlWcm41SG1DeElDWjJ6Tm9CazJpQTZZdDliUUw0eW8yWi1BTzBzckhCLTA?oc=5,Konbini,2016-11-18
Malene Rydahl,Marc Bruschet succède à Jean-Louis Vergnet à la tête du GNCO - L'Argus Pro,L'Argus Pro,"Mon, 24 Oct 2016 07:00:00 GMT",https://news.google.com/rss/articles/CBMiqgFBVV95cUxOLVhYVk93UkpvM0ZTb0Rxb0Zaam5TY2VFc1ZfOFpqZ3pEM3dLWjl5VlV4YmpsTGx3UUJ1MmwwY3BDbXlnTVYydEh0Sy01VzFfT1hDOExPN2tIVkh5a3dPNlE5S1R5emhSVDgyTXd4Y1V4Y1lmOGtKeDdHVnhRSGhoYzVWUUpFZEVxNlVxWUFfYmdEYnpjTGcwTUx0ZXoydjN1aXBNVGVSbnpqdw?oc=5,,L'Argus Pro,2016,,https://news.google.com/rss/articles/CBMiqgFBVV95cUxOLVhYVk93UkpvM0ZTb0Rxb0Zaam5TY2VFc1ZfOFpqZ3pEM3dLWjl5VlV4YmpsTGx3UUJ1MmwwY3BDbXlnTVYydEh0Sy01VzFfT1hDOExPN2tIVkh5a3dPNlE5S1R5emhSVDgyTXd4Y1V4Y1lmOGtKeDdHVnhRSGhoYzVWUUpFZEVxNlVxWUFfYmdEYnpjTGcwTUx0ZXoydjN1aXBNVGVSbnpqdw?oc=5,L'Argus Pro,2016-10-24
Malene Rydahl,Malene Rydahl livre ses adresses danoises et heureuses - The Good Life,The Good Life,"Thu, 19 Oct 2017 07:00:00 GMT",https://news.google.com/rss/articles/CBMihAFBVV95cUxNcGtWczJUV0M2YkFxNXo1dVJnZ1VFWHNCQlVaaVRTRkg0UnNud2dOOUdQcUhtUUMwejRHd1FFX091Ql9oV3FhM25WUGFrdEM2VmkxTGVCaHo5QWFnMWxNRzJsRzRISGNwTmxKNUk4NXhrdTZwVWxwcjJHSUNhQ0xVeDlNTno?oc=5,,The Good Life,2017,,https://news.google.com/rss/articles/CBMihAFBVV95cUxNcGtWczJUV0M2YkFxNXo1dVJnZ1VFWHNCQlVaaVRTRkg0UnNud2dOOUdQcUhtUUMwejRHd1FFX091Ql9oV3FhM25WUGFrdEM2VmkxTGVCaHo5QWFnMWxNRzJsRzRISGNwTmxKNUk4NXhrdTZwVWxwcjJHSUNhQ0xVeDlNTno?oc=5,The Good Life,2017-10-19
Malene Rydahl,"Mary de Danemark, une princesse à l'Elysée - Point de vue - L'actualité des familles royales",Point de vue - L'actualité des familles royales,"Wed, 21 Jun 2017 07:00:00 GMT",https://news.google.com/rss/articles/CBMiiAFBVV95cUxOc0p1aHBYNUhBWF9xX2dlX18zejIySDVCVW1xUTFvM3Y0YnRKUDZFZEJXUWFsQnFkcEpHR3dYODlyRGpOVGpyVnA4RHNCcWJPaWhCS01aNGppVF9UcTJNblQ3djNGbTdmNkUxZzZkLTVCQ2RnMGptZEVlODFVdTFjbjVRQVlrb2lo?oc=5,,Point de vue - L'actualité des familles royales,2017,,https://news.google.com/rss/articles/CBMiiAFBVV95cUxOc0p1aHBYNUhBWF9xX2dlX18zejIySDVCVW1xUTFvM3Y0YnRKUDZFZEJXUWFsQnFkcEpHR3dYODlyRGpOVGpyVnA4RHNCcWJPaWhCS01aNGppVF9UcTJNblQ3djNGbTdmNkUxZzZkLTVCQ2RnMGptZEVlODFVdTFjbjVRQVlrb2lo?oc=5,Point de vue - L'actualité des familles royales,2017-06-21
Malene Rydahl,"Formation - La Berruyère Solveig Alhinc, éprise du bien-être danois, souhaite s’installer au Danemark - Le Berry Républicain",Le Berry Républicain,"Thu, 08 Jun 2017 07:00:00 GMT",https://news.google.com/rss/articles/CBMi2gFBVV95cUxPazJXdDlGNHc3YmxZTk9abmFaMi1Xdk1KWi1GMnVTcmRhN014bVNhUDB6RnJqcHRSMDE0Y2h5YXVXTFFyblY3SjNzX3R5b0l6d21QNTQzNEtxTVdPeGFidFlhVGtFNXlTcHdjbHM0SnBjb1BnQUE3ZjAtdFQ1WkpSRk5tTmEtdktsZmZvaXpjVGhYMmJLZDlvdXRpMUVoRWd2ejREV2xjZF9iVGhKWExscVJGQVREMFNOam9fYkM2QlFNUmFLanBYVTdmYjJPRXR4RFJaYjRZNVRhQQ?oc=5,,Le Berry Républicain,2017,,https://news.google.com/rss/articles/CBMi2gFBVV95cUxPazJXdDlGNHc3YmxZTk9abmFaMi1Xdk1KWi1GMnVTcmRhN014bVNhUDB6RnJqcHRSMDE0Y2h5YXVXTFFyblY3SjNzX3R5b0l6d21QNTQzNEtxTVdPeGFidFlhVGtFNXlTcHdjbHM0SnBjb1BnQUE3ZjAtdFQ1WkpSRk5tTmEtdktsZmZvaXpjVGhYMmJLZDlvdXRpMUVoRWd2ejREV2xjZF9iVGhKWExscVJGQVREMFNOam9fYkM2QlFNUmFLanBYVTdmYjJPRXR4RFJaYjRZNVRhQQ?oc=5,Le Berry Républicain,2017-06-08
Malene Rydahl,La Loi de Jante : 10 règles à piquer aux Danois pour être plus heureuse - Terrafemina,Terrafemina,"Wed, 05 Apr 2017 07:00:00 GMT",https://news.google.com/rss/articles/CBMitgFBVV95cUxQV2RNMnVQMXNHSnRTNXZDLTJGbmJISDVESTZoVExhVkg4eWo0Z1M1UHliYlRnUTdRZFk0TUVUYjhJZkc2YjVtY2lUWkVEYUVKbmZveC15UW9uZDVjYkx6S3RBTmlSUzhDSG9PTVIwT0Y0T3BlVUFHQUxEbEQxal9ycUZjWTk3SGNLc3VuLU9Ua2J2MDNvNXlWclRoNWFMb3JvaXRTLXZtQ0sxelU2SUdLYWk5MWNCdw?oc=5,,Terrafemina,2017,,https://news.google.com/rss/articles/CBMitgFBVV95cUxQV2RNMnVQMXNHSnRTNXZDLTJGbmJISDVESTZoVExhVkg4eWo0Z1M1UHliYlRnUTdRZFk0TUVUYjhJZkc2YjVtY2lUWkVEYUVKbmZveC15UW9uZDVjYkx6S3RBTmlSUzhDSG9PTVIwT0Y0T3BlVUFHQUxEbEQxal9ycUZjWTk3SGNLc3VuLU9Ua2J2MDNvNXlWclRoNWFMb3JvaXRTLXZtQ0sxelU2SUdLYWk5MWNCdw?oc=5,Terrafemina,2017-04-05
Malene Rydahl,"BLOG - Pourquoi il faut casser le mythe du ""bon coup"" au lit - Le HuffPost",Le HuffPost,"Thu, 05 Oct 2017 07:00:00 GMT",https://news.google.com/rss/articles/CBMiqgFBVV95cUxOZ2lfZnFYSFNUWEp1N1MxT1pveWlELXR5SVlMcmFxVUtLd0R0ejJ2VW45R0VDTU81b1p4bzZSZ1hqOW9ZMjNXZXBGOENsSTBxQ1ZCUVAtbXdra0JOa2NIZ2hBV0VDdFZOOXZlYU4wZkxIU1F4OUFrYXVYUk5mcHBLRW00MlpxRG5CeVp4dTZDeDM3TzNEbEJETHptXy1LdWJhMk14X2Mta3ZxUQ?oc=5,,Le HuffPost,2017,,https://news.google.com/rss/articles/CBMiqgFBVV95cUxOZ2lfZnFYSFNUWEp1N1MxT1pveWlELXR5SVlMcmFxVUtLd0R0ejJ2VW45R0VDTU81b1p4bzZSZ1hqOW9ZMjNXZXBGOENsSTBxQ1ZCUVAtbXdra0JOa2NIZ2hBV0VDdFZOOXZlYU4wZkxIU1F4OUFrYXVYUk5mcHBLRW00MlpxRG5CeVp4dTZDeDM3TzNEbEJETHptXy1LdWJhMk14X2Mta3ZxUQ?oc=5,Le HuffPost,2017-10-05
Malene Rydahl,Ce que le peuple danois peut nous apprendre de l’égalité femmes-hommes - RTL,RTL,"Thu, 11 Jan 2018 08:00:00 GMT",https://news.google.com/rss/articles/CBMiuAFBVV95cUxQSGJnY1lYTkZxR29zOEdvdU43ZGZ2SG4wRzFhLXJGS3psRENBa2wzN1FHbUx2UFZOa1JTQ3hGMVNETDhvOEc0emRtOVB2V1BjVFQ0OG1UUHlPMGdTY01fdTgwVi1kUUVmaHJSTXJBbmpiWHVnTUZGWWFhdk9LREt0VURab25aUDhIdmpOQWJueFgwc1hYc1RNMDJQM194Nkk2Y1JRTGFfZmt1eDVlSzJuLVdlRE9pM3o5?oc=5,,RTL,2018,,https://news.google.com/rss/articles/CBMiuAFBVV95cUxQSGJnY1lYTkZxR29zOEdvdU43ZGZ2SG4wRzFhLXJGS3psRENBa2wzN1FHbUx2UFZOa1JTQ3hGMVNETDhvOEc0emRtOVB2V1BjVFQ0OG1UUHlPMGdTY01fdTgwVi1kUUVmaHJSTXJBbmpiWHVnTUZGWWFhdk9LREt0VURab25aUDhIdmpOQWJueFgwc1hYc1RNMDJQM194Nkk2Y1JRTGFfZmt1eDVlSzJuLVdlRE9pM3o5?oc=5,RTL,2018-01-11
Malene Rydahl,"[Interview] Malene Rydahl : «La plus grande priorité d’un pays, c’est l’éducation nationale» - Ion News",Ion News,"Fri, 23 Feb 2018 08:00:00 GMT",https://news.google.com/rss/articles/CBMikAFBVV95cUxPbmQ2WW14WlpIWUhMalVic1ZYZ1dWb0dnQkRrMlpCS0lVWGNyV1RlM2E1dEVseW12Y3lwM1ZtSDJ3U2NXSmRHTUFfUnlYaTROU29Rb0oxNGhQcDA3ZU9pNEZobEtOaGVFaGx2TkcwWHlQTmF6TWJBWHFvV1U2NUVWTkc4VmhCZUUtdUVmSnRreF8?oc=5,,Ion News,2018,,https://news.google.com/rss/articles/CBMikAFBVV95cUxPbmQ2WW14WlpIWUhMalVic1ZYZ1dWb0dnQkRrMlpCS0lVWGNyV1RlM2E1dEVseW12Y3lwM1ZtSDJ3U2NXSmRHTUFfUnlYaTROU29Rb0oxNGhQcDA3ZU9pNEZobEtOaGVFaGx2TkcwWHlQTmF6TWJBWHFvV1U2NUVWTkc4VmhCZUUtdUVmSnRreF8?oc=5,Ion News,2018-02-23
Malene Rydahl,EN IMAGES. Frederik de Danemark fête ses 53 ans - Point de vue - L'actualité des familles royales,Point de vue - L'actualité des familles royales,"Sat, 26 May 2018 07:00:00 GMT",https://news.google.com/rss/articles/CBMikAFBVV95cUxOcXl1NFFkMmozTVk3alQ2dk5IeDVkb1QwellhY3F2dk9tYVRoRGlMQVI5d0lycTQ2M3lwRFQ1eVVWaWJQdXUwcWJsRDNuVFNPcEYzTkVnckNDNnQ3V1Z0QjZFN1JJMG9LUnY0S0JmdUlvWExMSnh5OXNVSE5ZX1RmS3BiRUhvR1Z5cWp1cmxNVDc?oc=5,,Point de vue - L'actualité des familles royales,2018,,https://news.google.com/rss/articles/CBMikAFBVV95cUxOcXl1NFFkMmozTVk3alQ2dk5IeDVkb1QwellhY3F2dk9tYVRoRGlMQVI5d0lycTQ2M3lwRFQ1eVVWaWJQdXUwcWJsRDNuVFNPcEYzTkVnckNDNnQ3V1Z0QjZFN1JJMG9LUnY0S0JmdUlvWExMSnh5OXNVSE5ZX1RmS3BiRUhvR1Z5cWp1cmxNVDc?oc=5,Point de vue - L'actualité des familles royales,2018-05-26
Malene Rydahl,"Smørrebrød, gravad laks, rollmops : la cuisine danoise a la cote - Le Nouvel Obs",Le Nouvel Obs,"Tue, 09 Oct 2018 07:00:00 GMT",https://news.google.com/rss/articles/CBMiswFBVV95cUxPcjhNbW41RFFucEU0T29laUJKdEV6NVpGY2NlNGVUUHVaZlg1bGQyQlUwcVZ6WG1HVFJ1Qzctd3hZdWtCUExyVE9YbHVfajV4ZjdLMG5iRGJlSXl1WVVqYnNON2RnbzNsaDlMNzY2VkE1cnB0X2ZjMWc2WnpGcXBRdXNuVk5vbXBwQXVCQkFZVnBsU1U5ZmNjaE5qOC1FRER0YlZ2U19VVUZJNTRjWnJ6NDV0WQ?oc=5,,Le Nouvel Obs,2018,,https://news.google.com/rss/articles/CBMiswFBVV95cUxPcjhNbW41RFFucEU0T29laUJKdEV6NVpGY2NlNGVUUHVaZlg1bGQyQlUwcVZ6WG1HVFJ1Qzctd3hZdWtCUExyVE9YbHVfajV4ZjdLMG5iRGJlSXl1WVVqYnNON2RnbzNsaDlMNzY2VkE1cnB0X2ZjMWc2WnpGcXBRdXNuVk5vbXBwQXVCQkFZVnBsU1U5ZmNjaE5qOC1FRER0YlZ2U19VVUZJNTRjWnJ6NDV0WQ?oc=5,Le Nouvel Obs,2018-10-09
Malene Rydahl,The Hyatt student prize 2018 récompense une étudiante de Sup de Co La Rochelle - Le Figaro,Le Figaro,"Tue, 16 Jan 2018 08:00:00 GMT",https://news.google.com/rss/articles/CBMi3wFBVV95cUxOMjNBREVUam9zOW9QVnY0RlYzMUFTREg1TW55MGFGb0R6TEM5RU1RT2NzaUo4OGJHMTdycWx3aE1zVFVKY1VZQmFLMV8xcU5PQnVuSktnREExVzJwajROdUU0LUJKQVRRVUVJbDZwcGJqZVpkRXItdm9DZUxZN25zZ1Z2ejFHTERTTE55Q3dpQmtsVzZrRE1RM0Q2RlUwNFBHeXBpSTN5RHo0aWtpcGYyZXFkLWU5V2szajZjaTV0VGJKYlhXM0pmYlpmWC1GNzRhVkRyRFVwRWNEMG9jZVZJ?oc=5,,Le Figaro,2018,,https://news.google.com/rss/articles/CBMi3wFBVV95cUxOMjNBREVUam9zOW9QVnY0RlYzMUFTREg1TW55MGFGb0R6TEM5RU1RT2NzaUo4OGJHMTdycWx3aE1zVFVKY1VZQmFLMV8xcU5PQnVuSktnREExVzJwajROdUU0LUJKQVRRVUVJbDZwcGJqZVpkRXItdm9DZUxZN25zZ1Z2ejFHTERTTE55Q3dpQmtsVzZrRE1RM0Q2RlUwNFBHeXBpSTN5RHo0aWtpcGYyZXFkLWU5V2szajZjaTV0VGJKYlhXM0pmYlpmWC1GNzRhVkRyRFVwRWNEMG9jZVZJ?oc=5,Le Figaro,2018-01-16
Malene Rydahl,Comment se mettre au niksen ou l’art de ne rien faire - Doctissimo,Doctissimo,"Fri, 20 Sep 2019 07:00:00 GMT",https://news.google.com/rss/articles/CBMimgFBVV95cUxQVDczNjJBZXlacHV0UTU4M2hhMmFOU2VobnJwTGEwekEtMk5PM0VzU1lfeWg1WEhUbVVnSTMxVHhMdU1FRUM4MWo4RU9FVEhRSnZWczF5dkx0R2hkSnFpcUFuZEY1cEEtaEdmWDNONFhoWWFCQ21lTW05M3pVcWJhVGllVGRLaXVVX0pJR0h4MWFPYS02SG1IenpR?oc=5,,Doctissimo,2019,,https://news.google.com/rss/articles/CBMimgFBVV95cUxQVDczNjJBZXlacHV0UTU4M2hhMmFOU2VobnJwTGEwekEtMk5PM0VzU1lfeWg1WEhUbVVnSTMxVHhMdU1FRUM4MWo4RU9FVEhRSnZWczF5dkx0R2hkSnFpcUFuZEY1cEEtaEdmWDNONFhoWWFCQ21lTW05M3pVcWJhVGllVGRLaXVVX0pJR0h4MWFPYS02SG1IenpR?oc=5,Doctissimo,2019-09-20
Malene Rydahl,"""Je te réponds...moi non plus"" ou le ghosting à l'heure du bal des notifications - Maddyness",Maddyness,"Thu, 19 Mar 2020 07:00:00 GMT",https://news.google.com/rss/articles/CBMigAFBVV95cUxOMGV1Z0dRaW1xbU9zaEk3SmFGdkZabENvVnpvZ0l5dXllU3BkUkhFd3Zqc1ZRVndQRzJoNWl5cWQ3X1FJeEhUS25KUTZWVHhxSXphZEFJVHM3SWxtMzVTbnRBQUhzZ01hNlIzVTl3NnJoRHJad19KdHhtWGRvMVJvdQ?oc=5,,Maddyness,2020,,https://news.google.com/rss/articles/CBMigAFBVV95cUxOMGV1Z0dRaW1xbU9zaEk3SmFGdkZabENvVnpvZ0l5dXllU3BkUkhFd3Zqc1ZRVndQRzJoNWl5cWQ3X1FJeEhUS25KUTZWVHhxSXphZEFJVHM3SWxtMzVTbnRBQUhzZ01hNlIzVTl3NnJoRHJad19KdHhtWGRvMVJvdQ?oc=5,Maddyness,2020-03-19
Malene Rydahl,Digital : comment lutter contre le phénomène de la « non-réponse » ? - la Réclame,la Réclame,"Thu, 05 Mar 2020 08:00:00 GMT",https://news.google.com/rss/articles/CBMicEFVX3lxTE5Jdk1VeDBfX2VjZlV4V2dQRlpodkx6V1psLS1oNHhsWGhNMEQtWkE0aXc3cUVPRWwyY1pTYXhPSmF0VXU5Nl9acmUyMm9NZkItYkZ6TmRiNXlfUHZzWS1tVWNFRnhmaUljY2pxdnZ6dEw?oc=5,,la Réclame,2020,,https://news.google.com/rss/articles/CBMicEFVX3lxTE5Jdk1VeDBfX2VjZlV4V2dQRlpodkx6V1psLS1oNHhsWGhNMEQtWkE0aXc3cUVPRWwyY1pTYXhPSmF0VXU5Nl9acmUyMm9NZkItYkZ6TmRiNXlfUHZzWS1tVWNFRnhmaUljY2pxdnZ6dEw?oc=5,la Réclame,2020-03-05
Malene Rydahl,"Pas de réponse à un mail ou un texto, mais pourquoi ? - Version Femina",Version Femina,"Thu, 19 Mar 2020 07:00:00 GMT",https://news.google.com/rss/articles/CBMihwFBVV95cUxNYzFXNnVPdmFvVURib1hMaGxkVGctNV9aRUZDZFU2TU1EZ1BFakYxd09NZ0w1Y2FNc2wzcVdaU1ljYzlsODVWbUdNUUZoTmk2U2g0N3dKSWRoa05qbjNhR0FlZFlySXY2UnV5R1VYWVdiR2hialFBNEluaFVXU3R2UURZOVdtYnM?oc=5,,Version Femina,2020,,https://news.google.com/rss/articles/CBMihwFBVV95cUxNYzFXNnVPdmFvVURib1hMaGxkVGctNV9aRUZDZFU2TU1EZ1BFakYxd09NZ0w1Y2FNc2wzcVdaU1ljYzlsODVWbUdNUUZoTmk2U2g0N3dKSWRoa05qbjNhR0FlZFlySXY2UnV5R1VYWVdiR2hialFBNEluaFVXU3R2UURZOVdtYnM?oc=5,Version Femina,2020-03-19
Malene Rydahl,La non-réponse aux messages : ce phénomène source d'angoisse qui se généralise - Archimag,Archimag,"Thu, 12 Mar 2020 07:00:00 GMT",https://news.google.com/rss/articles/CBMiqwFBVV95cUxPT241cjJhaExyRncwTXc2cE83SEp1M0xTUFJfbnkxNmlMWl90QmQ5am1rT0o2eWk5X0hxSEsxZm9fUTNiSTYxR0x1ek44SjdmZU5VOXNub3I5cmgzclJmZzBnRW1DNmhyRnM1OTZkZ0p1UTZSU2l0NE9YSlZIVlJldVhMQzYwdDRqWHZoUUdMTlZyblBTelFYVWNPSTQtUjZ4ZEVnMlhYZGMwaWs?oc=5,,Archimag,2020,,https://news.google.com/rss/articles/CBMiqwFBVV95cUxPT241cjJhaExyRncwTXc2cE83SEp1M0xTUFJfbnkxNmlMWl90QmQ5am1rT0o2eWk5X0hxSEsxZm9fUTNiSTYxR0x1ek44SjdmZU5VOXNub3I5cmgzclJmZzBnRW1DNmhyRnM1OTZkZ0p1UTZSU2l0NE9YSlZIVlJldVhMQzYwdDRqWHZoUUdMTlZyblBTelFYVWNPSTQtUjZ4ZEVnMlhYZGMwaWs?oc=5,Archimag,2020-03-12
Malene Rydahl,Communication digitale : qu'est-ce que le ghosting ? - L'ADN,L'ADN,"Mon, 02 Mar 2020 08:00:00 GMT",https://news.google.com/rss/articles/CBMiswFBVV95cUxQZDQxdG44Ny0zRUE5V2VEcmR0aDNKaVI2NWJjZkZqTWNuQ1o3VmJOZHNoaHdmODFwRllET2lxQ3UzVkV6dlJkLWQyQWxPU3RtWTV2V1Q5b2NhNkNjc1hMZEh0dDBNVjNZQlVtTWI3OUg4RW5ySE1FMUtyUDV1ZzRsaEJJbTBScXVicG41c21hTDhZQzRpQjZibEtHNkVOUkUxVUdGcnRWNlhPRDZfRmx4bWtuQQ?oc=5,,L'ADN,2020,,https://news.google.com/rss/articles/CBMiswFBVV95cUxQZDQxdG44Ny0zRUE5V2VEcmR0aDNKaVI2NWJjZkZqTWNuQ1o3VmJOZHNoaHdmODFwRllET2lxQ3UzVkV6dlJkLWQyQWxPU3RtWTV2V1Q5b2NhNkNjc1hMZEh0dDBNVjNZQlVtTWI3OUg4RW5ySE1FMUtyUDV1ZzRsaEJJbTBScXVicG41c21hTDhZQzRpQjZibEtHNkVOUkUxVUdGcnRWNlhPRDZfRmx4bWtuQQ?oc=5,L'ADN,2020-03-02
Malene Rydahl,VIDEO. Malene Rydahl a enquêté sur le phénomène du ghosting - franceinfo,franceinfo,"Wed, 10 Jun 2020 07:00:00 GMT",https://news.google.com/rss/articles/CBMiwgFBVV95cUxQcTI2VjFwMDMyRmRYUHNVMmdLTHNENkhYb2ZIalBmWF9tbWNnbmZtekoyRnpXeDdJZ2I1cUstVkpRVnZUNTRNMTVhcVFyU19oUy1KZDV0Mko5V0hNMEdmNmJ5ZEgyYXdxSEVZT0NaZUtNQTRRQ1NYTWNCZ3FXVThJWVRfbm5xOXRId2E0TkdtVzdoUEVRVWZzb2F3RmNwVS13LU01a3M3M18yMXlxWjRzZ25DYy11elBoMFgwaFUxS1J6dw?oc=5,,franceinfo,2020,,https://news.google.com/rss/articles/CBMiwgFBVV95cUxQcTI2VjFwMDMyRmRYUHNVMmdLTHNENkhYb2ZIalBmWF9tbWNnbmZtekoyRnpXeDdJZ2I1cUstVkpRVnZUNTRNMTVhcVFyU19oUy1KZDV0Mko5V0hNMEdmNmJ5ZEgyYXdxSEVZT0NaZUtNQTRRQ1NYTWNCZ3FXVThJWVRfbm5xOXRId2E0TkdtVzdoUEVRVWZzb2F3RmNwVS13LU01a3M3M18yMXlxWjRzZ25DYy11elBoMFgwaFUxS1J6dw?oc=5,franceinfo,2020-06-10
Malene Rydahl,VIDEO. Pourquoi déteste-t-on les messages restés sans réponse ? - 20 Minutes,20 Minutes,"Wed, 10 Jun 2020 07:00:00 GMT",https://news.google.com/rss/articles/CBMinwFBVV95cUxPSTZsUS1OSUVHTTRNS3NxODhYbWN0eDlaRjRmRlJDVXI2RVRLY0wxN3hoVm1hdzBoZXNFUW0zQjByNWxGWkxsWDU3bi1GUEk5TG1WbGw3NjRpaUVnMF83aWNoWDNoYjIxQXRtLXFVN2JVcmZLdWdVRVpUU1lYcmh4UDFHYklwbUwyVXJqb1BIei1QLXpXOTBxWGR2VWFmelU?oc=5,,20 Minutes,2020,,https://news.google.com/rss/articles/CBMinwFBVV95cUxPSTZsUS1OSUVHTTRNS3NxODhYbWN0eDlaRjRmRlJDVXI2RVRLY0wxN3hoVm1hdzBoZXNFUW0zQjByNWxGWkxsWDU3bi1GUEk5TG1WbGw3NjRpaUVnMF83aWNoWDNoYjIxQXRtLXFVN2JVcmZLdWdVRVpUU1lYcmh4UDFHYklwbUwyVXJqb1BIei1QLXpXOTBxWGR2VWFmelU?oc=5,20 Minutes,2020-06-10
Malene Rydahl,Reportage : peut-on se passer des emojis dans nos messages écrits ? - L'ADN,L'ADN,"Fri, 12 Jun 2020 07:00:00 GMT",https://news.google.com/rss/articles/CBMiqgFBVV95cUxQdldZRE8yRGFKNHVIUDBnRjBLdDk0R3J3eVFkZzB4cnM0ejF6UjVwNmZiOHQzLTZTZGc2bTRqZVo0M3NOWkpzaFh2MFpDR28tdG9renpMdXlLR0wtOGpIQk1SUVU4WF9MVm5JS252d3YyRm9sUnF4b1pwb25LdVRkazdNQ2NDUzZaZ0V5M2VnZzhoT0JHdUxPZVluYlJ2d05CYjl4NDdQLVNqZw?oc=5,,L'ADN,2020,,https://news.google.com/rss/articles/CBMiqgFBVV95cUxQdldZRE8yRGFKNHVIUDBnRjBLdDk0R3J3eVFkZzB4cnM0ejF6UjVwNmZiOHQzLTZTZGc2bTRqZVo0M3NOWkpzaFh2MFpDR28tdG9renpMdXlLR0wtOGpIQk1SUVU4WF9MVm5JS252d3YyRm9sUnF4b1pwb25LdVRkazdNQ2NDUzZaZ0V5M2VnZzhoT0JHdUxPZVluYlJ2d05CYjl4NDdQLVNqZw?oc=5,L'ADN,2020-06-12
Malene Rydahl,"Voilà pourquoi on déteste littéralement se prendre des ""Vu"" sur les réseaux - Flair",Flair,"Mon, 29 Jun 2020 07:00:00 GMT",https://news.google.com/rss/articles/CBMilwFBVV95cUxNemcweDg4S1g5N2tySXA3NzFCNEJnMEZMR2dPcVBsaDhSUUpNY2xRYWowSzMzSXpESjdtczJVcW9qZk85dmY3NnB2YVpaeGs0QWJPMnkwWmROZU1zcTZmZ2hjX2dDVVNOTF9EU1Y5d1IyUXpWNFVncXNla3V3Wko2TnhfYXRZU0luaWEtSEtfMG5VQnE0ZVgw?oc=5,,Flair,2020,,https://news.google.com/rss/articles/CBMilwFBVV95cUxNemcweDg4S1g5N2tySXA3NzFCNEJnMEZMR2dPcVBsaDhSUUpNY2xRYWowSzMzSXpESjdtczJVcW9qZk85dmY3NnB2YVpaeGs0QWJPMnkwWmROZU1zcTZmZ2hjX2dDVVNOTF9EU1Y5d1IyUXpWNFVncXNla3V3Wko2TnhfYXRZU0luaWEtSEtfMG5VQnE0ZVgw?oc=5,Flair,2020-06-29
Malene Rydahl,"Les visons danois, victimes collatérales du coronavirus - Le Figaro",Le Figaro,"Thu, 09 Jul 2020 07:00:00 GMT",https://news.google.com/rss/articles/CBMioAFBVV95cUxQTEFQR1BwTWZXTGxQVkRWb1BXUktOQTdpd3p5QVAyYy1aRUVPVjBEZGNKc0h6ZG00Yk1DZi1salJRZUp6a29NQjVCUWs1WE5Xc0tud1FtVnFNUUJqdzVSMFQtVFAxcDZmckowdGNDVS1ORmFWeXV3dmRPMTlYYWlZNXJvMW5LTUlyT19iR0JYYVBLY0lnbTd6aU82NDJ2WXpz?oc=5,,Le Figaro,2020,,https://news.google.com/rss/articles/CBMioAFBVV95cUxQTEFQR1BwTWZXTGxQVkRWb1BXUktOQTdpd3p5QVAyYy1aRUVPVjBEZGNKc0h6ZG00Yk1DZi1salJRZUp6a29NQjVCUWs1WE5Xc0tud1FtVnFNUUJqdzVSMFQtVFAxcDZmckowdGNDVS1ORmFWeXV3dmRPMTlYYWlZNXJvMW5LTUlyT19iR0JYYVBLY0lnbTd6aU82NDJ2WXpz?oc=5,Le Figaro,2020-07-09
Malene Rydahl,"Sexe, argent, beauté, illusions de bonheur? Entretien avec Malène Rydahl - FemininBio",FemininBio,"Thu, 25 Feb 2021 08:00:00 GMT",https://news.google.com/rss/articles/CBMi1gFBVV95cUxOX3pMaE9XSDJ3c2pLcWlJSlZrR3ZOZ1hkT210bVdNalJhVExhTnQ3UUMyYnRsR21iZzg5eGpJTG9mM3dSNDhjUnBUWG9Ob2R3anQwajU5bWxuQ0lTMUlLUl9UaktpdEhYTHFqZ3R6cXV6MHBTb3lEQmlQMVNRUWpZb0hJajVibFdraVJTMVF5Sk85UHVENVpEdzBfUVhRdXpxN2pLc2MtdjBTTDBiU2VQbXlsNi14Z0ZpUlREX0JLa0MtX21tRldLQ3NoU09hWDVEMXBpTFJ3?oc=5,,FemininBio,2021,,https://news.google.com/rss/articles/CBMi1gFBVV95cUxOX3pMaE9XSDJ3c2pLcWlJSlZrR3ZOZ1hkT210bVdNalJhVExhTnQ3UUMyYnRsR21iZzg5eGpJTG9mM3dSNDhjUnBUWG9Ob2R3anQwajU5bWxuQ0lTMUlLUl9UaktpdEhYTHFqZ3R6cXV6MHBTb3lEQmlQMVNRUWpZb0hJajVibFdraVJTMVF5Sk85UHVENVpEdzBfUVhRdXpxN2pLc2MtdjBTTDBiU2VQbXlsNi14Z0ZpUlREX0JLa0MtX21tRldLQ3NoU09hWDVEMXBpTFJ3?oc=5,FemininBio,2021-02-25
Malene Rydahl,"Le ""hygge"", un art de vivre danois qui permet de se connecter à soi et aux autres - Europe 1",Europe 1,"Mon, 08 Feb 2021 08:00:00 GMT",https://news.google.com/rss/articles/CBMiuAFBVV95cUxOTVpZNEhkQ0lySnd3RXB0cnkyRUh2UURJdDZnNC1Fd0REY1YxYzFKenp2cXBKRGpFX1FTWWkyQ3MzRERRb1d6MjlWYmRPWkxpYjZwOWprUnh2MmFFcTJkU0VmN0thSWltd3VMbm42TFllY29hOXhra0wzSFFLckl3eERKV0pFaHZuZmEzNTdEY0sxRk9kNG5kZTFSMTQ1ejB0WGE2Q1NRaG5uM3V5cEZZTlF1QXRPQ1RG0gG-AUFVX3lxTE9KLTJBcDhxcUJfbUFPUGVCdF9scHRJd3dkR0taOERRZHE0VnVQY3VDRXdEZlVmV0h2dnZGVmpHS183azJ5ajFPX1QwTjdWTTBWaklTRENHajBMaE5GX2lJUjloRFZfRVlRWkxmY1JublhwTGhoMnphTGNtVk5MVUNRNnVMbW8weWVRVktJMnVOTjBfTzd2TUpQU0dDVGdFNnpVRVFRT1c1WFZuSy0yLVhjNHJuR1JXT0ZrbmNlNUE?oc=5,,Europe 1,2021,,https://news.google.com/rss/articles/CBMiuAFBVV95cUxOTVpZNEhkQ0lySnd3RXB0cnkyRUh2UURJdDZnNC1Fd0REY1YxYzFKenp2cXBKRGpFX1FTWWkyQ3MzRERRb1d6MjlWYmRPWkxpYjZwOWprUnh2MmFFcTJkU0VmN0thSWltd3VMbm42TFllY29hOXhra0wzSFFLckl3eERKV0pFaHZuZmEzNTdEY0sxRk9kNG5kZTFSMTQ1ejB0WGE2Q1NRaG5uM3V5cEZZTlF1QXRPQ1RG0gG-AUFVX3lxTE9KLTJBcDhxcUJfbUFPUGVCdF9scHRJd3dkR0taOERRZHE0VnVQY3VDRXdEZlVmV0h2dnZGVmpHS183azJ5ajFPX1QwTjdWTTBWaklTRENHajBMaE5GX2lJUjloRFZfRVlRWkxmY1JublhwTGhoMnphTGNtVk5MVUNRNnVMbW8weWVRVktJMnVOTjBfTzd2TUpQU0dDVGdFNnpVRVFRT1c1WFZuSy0yLVhjNHJuR1JXT0ZrbmNlNUE?oc=5,Europe 1,2021-02-08
Malene Rydahl,Pourquoi le Danemark est-il l’un des pays les plus heureux du monde ? - Ô Magazine,Ô Magazine,"Sun, 25 Apr 2021 07:00:00 GMT",https://news.google.com/rss/articles/CBMihgFBVV95cUxQbWZ3bzhackZKSWFmSF9UaFJ1MmJCV1BkanZYbERPOTN5NUp4YXdLVGtLbzFfcUNuQVZtM0hIVTBVYTBTMjFmTDV1d2ZrNWFGN1ZQeGtma2N5MjhaRWZOamVoSExDcWZ5Tzl4MlNjRV81Tml2LVNjM2FBdXJscE5HekpjWE8xZw?oc=5,,Ô Magazine,2021,,https://news.google.com/rss/articles/CBMihgFBVV95cUxQbWZ3bzhackZKSWFmSF9UaFJ1MmJCV1BkanZYbERPOTN5NUp4YXdLVGtLbzFfcUNuQVZtM0hIVTBVYTBTMjFmTDV1d2ZrNWFGN1ZQeGtma2N5MjhaRWZOamVoSExDcWZ5Tzl4MlNjRV81Tml2LVNjM2FBdXJscE5HekpjWE8xZw?oc=5,Ô Magazine,2021-04-25
Malene Rydahl,« Ghosting » en entreprise : « l’absence de réponse active l’imaginaire et la dépréciation » - Le Monde,Le Monde,"Thu, 23 Sep 2021 07:00:00 GMT",https://news.google.com/rss/articles/CBMi6gFBVV95cUxPa1FwLUN2cnFLb1M1U0dSNmFBRC00ZndfZFVrUHdjVS1kcGdaa3BqYTIwU1lldXdzeFNUVWRPYVJPbkxZYmtWLUF0YlUwYmQ1RVI1d3d3eC1XVFFZVGQ3RjhZVkZmVTFBdzdZSHFkX2MxeC13bFhkRzU1SGhvdUVSQndtSC1STWNjV3pCTlZpNHdnemtxam40ZHRKN195eWlNZXEzWGUxclJJeEFYVHYwYUdqem9wOXVSSFlhMVNKZDRVdWJOYXdPNHBESDExTDFENFVPS21MTE0wZDl2cExjWFRaMXBsNFRKSHc?oc=5,,Le Monde,2021,,https://news.google.com/rss/articles/CBMi6gFBVV95cUxPa1FwLUN2cnFLb1M1U0dSNmFBRC00ZndfZFVrUHdjVS1kcGdaa3BqYTIwU1lldXdzeFNUVWRPYVJPbkxZYmtWLUF0YlUwYmQ1RVI1d3d3eC1XVFFZVGQ3RjhZVkZmVTFBdzdZSHFkX2MxeC13bFhkRzU1SGhvdUVSQndtSC1STWNjV3pCTlZpNHdnemtxam40ZHRKN195eWlNZXEzWGUxclJJeEFYVHYwYUdqem9wOXVSSFlhMVNKZDRVdWJOYXdPNHBESDExTDFENFVPS21MTE0wZDl2cExjWFRaMXBsNFRKSHc?oc=5,Le Monde,2021-09-23
Malene Rydahl,Le Kozé de Rémy Bourgogne : Êtes-vous accro à vos smartphones ? - LINFO.re,LINFO.re,"Mon, 11 Oct 2021 07:00:00 GMT",https://news.google.com/rss/articles/CBMioAFBVV95cUxPTXV1dUpfa3plc3ExeXpKVU1SamJTVGNfMEdQWHdrUWZGemxSZVd4Q0FpejU3WnRaU1pOWER4MVhaSWpmeHlKNXR2NElhNkliaDlTazBvTHZHakpiRVJkVFN6WV90ZklCTzU3dXdtNmdoUHIxV09WNHVPTy1yckk1WUU1THp5d0o5Tkk4dEx1ZEszVF9lMW5kdHFxRGtlWnRn?oc=5,,LINFO.re,2021,,https://news.google.com/rss/articles/CBMioAFBVV95cUxPTXV1dUpfa3plc3ExeXpKVU1SamJTVGNfMEdQWHdrUWZGemxSZVd4Q0FpejU3WnRaU1pOWER4MVhaSWpmeHlKNXR2NElhNkliaDlTazBvTHZHakpiRVJkVFN6WV90ZklCTzU3dXdtNmdoUHIxV09WNHVPTy1yckk1WUU1THp5d0o5Tkk4dEx1ZEszVF9lMW5kdHFxRGtlWnRn?oc=5,LINFO.re,2021-10-11
Malene Rydahl,8 milliards de voisins - Faut-il s’inspirer des pays nordiques pour être heureux? - RFI,RFI,"Fri, 03 Dec 2021 08:00:00 GMT",https://news.google.com/rss/articles/CBMiwAFBVV95cUxPajRWMEM0S0M1UFRaQXEyN0o2Yl9YTGx6SUYtWi02Q2NvclhENllfTFpLZmlHdk9aYVg0MjRvVTl6TmRlUHh4TlpnODJmMVR4NldXU09abFBaZUdBX1pfT0twTVVwbjk2WlA2cHpialdJRW9rMXJwRFU2VzFoemo3Y2ZMd3YwcFl1MnVaY3BtbE1FM3NmN3dXSnFtMS1KdnY4UkdYMHREeWo4YUtsNzl1Q201RjFmRnlZNUE4bDA0SG0?oc=5,,RFI,2021,,https://news.google.com/rss/articles/CBMiwAFBVV95cUxPajRWMEM0S0M1UFRaQXEyN0o2Yl9YTGx6SUYtWi02Q2NvclhENllfTFpLZmlHdk9aYVg0MjRvVTl6TmRlUHh4TlpnODJmMVR4NldXU09abFBaZUdBX1pfT0twTVVwbjk2WlA2cHpialdJRW9rMXJwRFU2VzFoemo3Y2ZMd3YwcFl1MnVaY3BtbE1FM3NmN3dXSnFtMS1KdnY4UkdYMHREeWo4YUtsNzl1Q201RjFmRnlZNUE4bDA0SG0?oc=5,RFI,2021-12-03
Malene Rydahl,"Confiance, bienveillance, liberté... les secrets du bonheur danois - Le Parisien",Le Parisien,"Fri, 20 May 2022 07:00:00 GMT",https://news.google.com/rss/articles/CBMivgFBVV95cUxQbS1iLWllQzdld1NmM3BvSmFZUjBpbERZLWRVdjRDOFNYZ1FaRUlXQ05JR1VCYlRrd19hTzJjWlBoLURiMGd0MTF2TXBNVS1zbHRlNS1sdUkxTmc4UFVlSktRUFBxZ1B3OVd1QW11UkdaMFloYXNNY3dFVktpV2RJdXUwMzBSRklwYzNwZExTRWgtZUhjbFY1bUZlNWVWV3Q2N2xnelFlaHM2cnQ3RldHRFZNaVpaMlg2bW10eGlB?oc=5,,Le Parisien,2022,,https://news.google.com/rss/articles/CBMivgFBVV95cUxQbS1iLWllQzdld1NmM3BvSmFZUjBpbERZLWRVdjRDOFNYZ1FaRUlXQ05JR1VCYlRrd19hTzJjWlBoLURiMGd0MTF2TXBNVS1zbHRlNS1sdUkxTmc4UFVlSktRUFBxZ1B3OVd1QW11UkdaMFloYXNNY3dFVktpV2RJdXUwMzBSRklwYzNwZExTRWgtZUhjbFY1bUZlNWVWV3Q2N2xnelFlaHM2cnQ3RldHRFZNaVpaMlg2bW10eGlB?oc=5,Le Parisien,2022-05-20
Malene Rydahl,"En direct de la Méditerranée : OJQ teste Le Champlain, un yacht – un vrai! – signé Ponant - Open Jaw Québec",Open Jaw Québec,"Thu, 27 Oct 2022 07:00:00 GMT",https://news.google.com/rss/articles/CBMivAFBVV95cUxQczlod3BpMVhhbUhjMWMyS0NqSVdhUFBHd0RPYy1fcmdVcm9qR3Y3VGs3VmFSR1RpQlZMWXlXYzNHbjR3aHg0SlJ6c0dKelNtRS1od1NoUWNsdU9kNEJicE1zSFZTNzU4WWt0aWctSHlrREVfX1BsYVlEVzh2N21wQWNkOWlYSDBjX1FxVUEtemZyMVo0UDVvd215QUtRbHJOQTZXZjExbDFpVnBYTEJwbUV3cF9rQ0Vkc0ZLaA?oc=5,,Open Jaw Québec,2022,,https://news.google.com/rss/articles/CBMivAFBVV95cUxQczlod3BpMVhhbUhjMWMyS0NqSVdhUFBHd0RPYy1fcmdVcm9qR3Y3VGs3VmFSR1RpQlZMWXlXYzNHbjR3aHg0SlJ6c0dKelNtRS1od1NoUWNsdU9kNEJicE1zSFZTNzU4WWt0aWctSHlrREVfX1BsYVlEVzh2N21wQWNkOWlYSDBjX1FxVUEtemZyMVo0UDVvd215QUtRbHJOQTZXZjExbDFpVnBYTEJwbUV3cF9rQ0Vkc0ZLaA?oc=5,Open Jaw Québec,2022-10-27
Malene Rydahl,"Mette Frederiksen, la dame de fer danoise - Le Figaro",Le Figaro,"Thu, 10 Aug 2023 07:00:00 GMT",https://news.google.com/rss/articles/CBMikAFBVV95cUxQZkFlanVlTFY4UDZFOEVUR0J2QjVHc24xZWlocGg4VUowczJxLU5xUmZzT2Zlei0zOXBiSm52V2k1S3RIYlVnNEZPRmtLdlZITzh5QUxXTWVJRzZUZ0hpTU5ERmJZWHFXSFhqb2hZcVI2NFhmc2I1V0NLLTFpNjVPc1N6QUdCcmMyMmdQdlJyTm8?oc=5,,Le Figaro,2023,,https://news.google.com/rss/articles/CBMikAFBVV95cUxQZkFlanVlTFY4UDZFOEVUR0J2QjVHc24xZWlocGg4VUowczJxLU5xUmZzT2Zlei0zOXBiSm52V2k1S3RIYlVnNEZPRmtLdlZITzh5QUxXTWVJRzZUZ0hpTU5ERmJZWHFXSFhqb2hZcVI2NFhmc2I1V0NLLTFpNjVPc1N6QUdCcmMyMmdQdlJyTm8?oc=5,Le Figaro,2023-08-10
Malene Rydahl,"On a tous un ami qui ne répond jamais au téléphone, mais pourquoi agit-il ainsi ? - ELLE France",ELLE France,"Mon, 07 Aug 2023 07:00:00 GMT",https://news.google.com/rss/articles/CBMiuwFBVV95cUxOX09tdWJkUzlWbVptc21UdDdHcVlaZmd0Rng3dWZRY3ZnbjhEQUdpcVQ2VFI5eFA0My1FeHZWOUxmSnlkblRBdE5NTUhJUFBCdlJrMXkxQjRfTHV4N3lCMVJxUi1YMDY5Z0h2Y190Q05NblJLazZPYkR1RXN2OVJaQVJiZHB2NG55WXJ5Q3ExVFVjVXgzeFdnS0pSUTdvVldHQzhpTXpiM04xNzF6WExYczdtNXpjYTdyQnJz?oc=5,,ELLE France,2023,,https://news.google.com/rss/articles/CBMiuwFBVV95cUxOX09tdWJkUzlWbVptc21UdDdHcVlaZmd0Rng3dWZRY3ZnbjhEQUdpcVQ2VFI5eFA0My1FeHZWOUxmSnlkblRBdE5NTUhJUFBCdlJrMXkxQjRfTHV4N3lCMVJxUi1YMDY5Z0h2Y190Q05NblJLazZPYkR1RXN2OVJaQVJiZHB2NG55WXJ5Q3ExVFVjVXgzeFdnS0pSUTdvVldHQzhpTXpiM04xNzF6WExYczdtNXpjYTdyQnJz?oc=5,ELLE France,2023-08-07
Malene Rydahl,"Harcèlement scolaire : en quoi consiste le modèle danois, plébiscité par Gabriel Attal ? - CNEWS",CNEWS,"Wed, 27 Sep 2023 07:00:00 GMT",https://news.google.com/rss/articles/CBMitAFBVV95cUxPQnVyTjVKMnF1SmEtcVdKUVhFclVzMTYyZHRqelJESWhRMDdRclVlVGZDbDNueHdDWDVLZE9nWXVCTnh6eW5TNGJteDhYNTN5cmtOY1pqeFFDcWowRnMtTXVpc1R1ZUtaSnN5LURQam5qMWFJNU5ZMkh6Q003ZWdaczU1LUdmSlR3NUdaeTdLTWVPZURVN3Z1ZVpUZGU2azE3Vl9tVUtnYXZCakxiY0lzbVBvM1HSAboBQVVfeXFMT05XTGpuajJUOFhlNGs3MG1lMHg4ZWdfNWROUlFGOFpxWTNLY1lNNzUxRGd6RVRQNnlMQjkyX2tBVmdfenlCZ21YU2d2Q1hjTnFxa1JHMHhWVlZTdUY1dlI5cWFWU09BY1dSVEUtRHdSX3AwRllWbDRiTkkyWk1vR1gzSnItb3ltaXpndTVoS0Q1Z2Joa3VaS3ktbXZ4ZWs0SjA2WWwtOGxpTVFrTUxZeGhkQkVnY3p2NnlR?oc=5,,CNEWS,2023,,https://news.google.com/rss/articles/CBMitAFBVV95cUxPQnVyTjVKMnF1SmEtcVdKUVhFclVzMTYyZHRqelJESWhRMDdRclVlVGZDbDNueHdDWDVLZE9nWXVCTnh6eW5TNGJteDhYNTN5cmtOY1pqeFFDcWowRnMtTXVpc1R1ZUtaSnN5LURQam5qMWFJNU5ZMkh6Q003ZWdaczU1LUdmSlR3NUdaeTdLTWVPZURVN3Z1ZVpUZGU2azE3Vl9tVUtnYXZCakxiY0lzbVBvM1HSAboBQVVfeXFMT05XTGpuajJUOFhlNGs3MG1lMHg4ZWdfNWROUlFGOFpxWTNLY1lNNzUxRGd6RVRQNnlMQjkyX2tBVmdfenlCZ21YU2d2Q1hjTnFxa1JHMHhWVlZTdUY1dlI5cWFWU09BY1dSVEUtRHdSX3AwRllWbDRiTkkyWk1vR1gzSnItb3ltaXpndTVoS0Q1Z2Joa3VaS3ktbXZ4ZWs0SjA2WWwtOGxpTVFrTUxZeGhkQkVnY3p2NnlR?oc=5,CNEWS,2023-09-27
Malene Rydahl,Comment rallumer la flamme de l’engagement ? Les salariés européens dressent le portrait de l’entreprise idéale - Boston Consulting Group,Boston Consulting Group,"Tue, 19 Sep 2023 07:00:00 GMT",https://news.google.com/rss/articles/CBMiiwFBVV95cUxONENRTlA0SmVwYmcxRXNUWXdQVzBIbXp5VmhjYTVJZUh4U2hpVUZWeEkyOEJqYzNOZy1XS3UwUzVrVHMxMDlhZGFyUy1pd1pwUm03d0Rkblo1WW1BelZPMWdyN1Q4UGsxbVFYWnprcUpkWjdlSVp5bXZOdG51ZlItbm90MkJSUzJXVzlZ?oc=5,,Boston Consulting Group,2023,,https://news.google.com/rss/articles/CBMiiwFBVV95cUxONENRTlA0SmVwYmcxRXNUWXdQVzBIbXp5VmhjYTVJZUh4U2hpVUZWeEkyOEJqYzNOZy1XS3UwUzVrVHMxMDlhZGFyUy1pd1pwUm03d0Rkblo1WW1BelZPMWdyN1Q4UGsxbVFYWnprcUpkWjdlSVp5bXZOdG51ZlItbm90MkJSUzJXVzlZ?oc=5,Boston Consulting Group,2023-09-19
Malene Rydahl,"Au Danemark, un parti 100% féminin ne plaît pas à la ministre de l'Égalité: «Cela envoie le signal que les hommes ne sont pas les bienvenus» - Le Figaro",Le Figaro,"Thu, 21 Sep 2023 07:00:00 GMT",https://news.google.com/rss/articles/CBMinAJBVV95cUxPQThrZU5DWWNNNWtWdlFYNXQwNE9tLXl5MVhDTzBYNS1BNGRsTUppbFhlbUs0MDd2U0RRdllqajdEanRXWmlNYU05SFVNV1ZrM1NLYnM5WnBfWmVqWjBzNURlX2FpX2hTaVZRTkZKdVVHQmliLUhCVW4zQlpaSkUwWXhuRk9xOEF2WTZOT1pxOGhBd1Z6N0k2YzkxUk5oSjN1b3Uzb09DbGEwODB2ZGhwX3pzenJpYm1LWkc1dVRONUlNY1ZtOWtobV9YdThVdU5kRDZBa3ljSVhQMmUtUW50T043bW9GcFZBelhDQmozU2hPRmJabkZlRFlodllaczBVcWZEZE5DUm5NZnlrR0h3VGE1UzR5MWxNVG5MRw?oc=5,,Le Figaro,2023,,https://news.google.com/rss/articles/CBMinAJBVV95cUxPQThrZU5DWWNNNWtWdlFYNXQwNE9tLXl5MVhDTzBYNS1BNGRsTUppbFhlbUs0MDd2U0RRdllqajdEanRXWmlNYU05SFVNV1ZrM1NLYnM5WnBfWmVqWjBzNURlX2FpX2hTaVZRTkZKdVVHQmliLUhCVW4zQlpaSkUwWXhuRk9xOEF2WTZOT1pxOGhBd1Z6N0k2YzkxUk5oSjN1b3Uzb09DbGEwODB2ZGhwX3pzenJpYm1LWkc1dVRONUlNY1ZtOWtobV9YdThVdU5kRDZBa3ljSVhQMmUtUW50T043bW9GcFZBelhDQmozU2hPRmJabkZlRFlodllaczBVcWZEZE5DUm5NZnlrR0h3VGE1UzR5MWxNVG5MRw?oc=5,Le Figaro,2023-09-21
Malene Rydahl,Opinion | Pourquoi apprendre l'empathie à l'école ? - Les Échos,Les Échos,"Tue, 03 Oct 2023 07:00:00 GMT",https://news.google.com/rss/articles/CBMingFBVV95cUxPZzFhb2JOODF1dEFDXzRfVDBDeU5yaS1VTlRxRExndVdTYXBUQ1RlMFpWdllVdHlFaWFEMzZud3h4ZjFHTFdnRF9RU0VfMXpsOE9uQld1M05lUHdHTzctZkZ3X1REWDhTYVNSalV4NmhJNXoxbkdOTUstNGF4eEdhQWp4Z2RHa2RKTXlJTDZTNUhZTHBCa2lWeEdVckpNZw?oc=5,,Les Échos,2023,,https://news.google.com/rss/articles/CBMingFBVV95cUxPZzFhb2JOODF1dEFDXzRfVDBDeU5yaS1VTlRxRExndVdTYXBUQ1RlMFpWdllVdHlFaWFEMzZud3h4ZjFHTFdnRF9RU0VfMXpsOE9uQld1M05lUHdHTzctZkZ3X1REWDhTYVNSalV4NmhJNXoxbkdOTUstNGF4eEdhQWp4Z2RHa2RKTXlJTDZTNUhZTHBCa2lWeEdVckpNZw?oc=5,Les Échos,2023-10-03
Malene Rydahl,"Au Danemark, l'abdication surprise de la reine Margrethe - Le Figaro",Le Figaro,"Sun, 31 Dec 2023 08:00:00 GMT",https://news.google.com/rss/articles/CBMisAFBVV95cUxQT2RtbFlMTnpiaG91SEpKUGJna29QcmhVb1NXY1NWV2tpVU9UNjVSQ2tmZXhhdVlNUXpOc1dYNDFQLWZicHYxNUdvZzROSkdOZGxQb2VtcHlTQW9mUFh4bmd2VXlCVER1Rk5BclBxZDFRV05pOHJmU3FLTEZkTXhPMGwybk91ZUpCZVVzVUpEcHZ4RXNxYmFoNzd0NWMxbU95V3I0TXNGRW1sZHpoODBvZw?oc=5,,Le Figaro,2023,,https://news.google.com/rss/articles/CBMisAFBVV95cUxQT2RtbFlMTnpiaG91SEpKUGJna29QcmhVb1NXY1NWV2tpVU9UNjVSQ2tmZXhhdVlNUXpOc1dYNDFQLWZicHYxNUdvZzROSkdOZGxQb2VtcHlTQW9mUFh4bmd2VXlCVER1Rk5BclBxZDFRV05pOHJmU3FLTEZkTXhPMGwybk91ZUpCZVVzVUpEcHZ4RXNxYmFoNzd0NWMxbU95V3I0TXNGRW1sZHpoODBvZw?oc=5,Le Figaro,2023-12-31
Malene Rydahl,La parole aux auteurs: Michaël Boumendil et Malene Rydahl - 27/01 - BFM Business,BFM Business,"Sat, 27 Jan 2024 08:00:00 GMT",https://news.google.com/rss/articles/CBMi6AFBVV95cUxOLUhBS1BsM08waXA5aFU3RHh1MkM1QzlrNEhaTzlMY3hoT2g1Und3U0VVdXJNTWtpVzlCRm5YUTRLek1hbHVWZWFqWlRXZ2F4WVpLa0ZBZU1KS0xyeWV1TVRlS3BWc2ZYSUdKRks0SmgwRF8zSnNjTjNuUTZYY0xtQVhORWhBUUVXaXhjVnBrLTVXOE5Gall3eG9fbGlYWVhHYUVBTkNvbUNLTVZ5ZE9DOFpybTBRMHZIak5va3hVdGJ6cGJyNU43RktJNF9pRDJEb0ZMOEtjbGxDWHpvRVZuMU5aN05CSFEy0gHuAUFVX3lxTE9DRzJQRW1fOWRQazB1b1l0dzVrYWRCV05rMWpMakN5cGJueXFyS0NBdXlEZXlZZENiUXpTcUVRbG9qRFVCZkZaNjhtTlBBa3ZRMWZ4SndRd2Q4RkRucFRMMUlhN0N5UzBGTHdXT29uS2JZbVBRb284ZHdVTFMwcUtNRDVvZFFxNzVNNFViblRLb0lTMlQwb2JBUDlRR3NpclNxcDJlSnJpZTdWX2tUUUk3dlNTZ1FlZlFrVWV1cVJNeVY5eUlybnE0cldRUXgzcjFrV2dzT0RES2J0WDA1UmtJQTNNYVNmTC1ZZjF4WHc?oc=5,,BFM Business,2024,,https://news.google.com/rss/articles/CBMi6AFBVV95cUxOLUhBS1BsM08waXA5aFU3RHh1MkM1QzlrNEhaTzlMY3hoT2g1Und3U0VVdXJNTWtpVzlCRm5YUTRLek1hbHVWZWFqWlRXZ2F4WVpLa0ZBZU1KS0xyeWV1TVRlS3BWc2ZYSUdKRks0SmgwRF8zSnNjTjNuUTZYY0xtQVhORWhBUUVXaXhjVnBrLTVXOE5Gall3eG9fbGlYWVhHYUVBTkNvbUNLTVZ5ZE9DOFpybTBRMHZIak5va3hVdGJ6cGJyNU43RktJNF9pRDJEb0ZMOEtjbGxDWHpvRVZuMU5aN05CSFEy0gHuAUFVX3lxTE9DRzJQRW1fOWRQazB1b1l0dzVrYWRCV05rMWpMakN5cGJueXFyS0NBdXlEZXlZZENiUXpTcUVRbG9qRFVCZkZaNjhtTlBBa3ZRMWZ4SndRd2Q4RkRucFRMMUlhN0N5UzBGTHdXT29uS2JZbVBRb284ZHdVTFMwcUtNRDVvZFFxNzVNNFViblRLb0lTMlQwb2JBUDlRR3NpclNxcDJlSnJpZTdWX2tUUUk3dlNTZ1FlZlFrVWV1cVJNeVY5eUlybnE0cldRUXgzcjFrV2dzT0RES2J0WDA1UmtJQTNNYVNmTC1ZZjF4WHc?oc=5,BFM Business,2024-01-27
Malene Rydahl,La parole aux auteurs : Michaël Boumendil et Malene Rydahl – 27/01 - BFM Business,BFM Business,"Fri, 26 Jan 2024 08:00:00 GMT",https://news.google.com/rss/articles/CBMi6AFBVV95cUxPLVhTV1d6WnlQaV9SaXpocnJySWRJZVFjazRtaUNZQUVYbExRRTJXY2JwdTl3Mm5kUHNqNWxDNzdIaFplZFVXeDZIZUlGLURVVV85Q1RGdDdaWXM3QUwwaTRyNHRSWXR0dk56S09oNzJtN21HZHlvaWVQeUJVY21tamdlNktiMDRlTTQyR3B4UklvSVFPUGxua3V6TEthTXZaUDU1LUV3cjdhNF9KY1AxYlRWN2xoeGhGOUc1b3dYMl9QUG9lRVA4MnpQUzBIS0RWd2dSUm92U01xZE5pMlI5Mkd4UldGaDVM0gHuAUFVX3lxTE94N2NDekloOVdrOUk0dzVwVDhTUmpCaTlOQXctcUFKdERsOFRWNEdkVUFiamdqOHNpS1VSNFFvVHdlUUpBY2tsUzVKOXlHVS16dTNmNExOa0QwT05ORUR1Q19rVXZZQVdtU0FXSFJMOUFkRERkQlVyTU1HN0JoVXR5WmliZU9VMFlFZk5icVJ3akxSNGFPckF0cVVNcHNCSVR5RTVGQl9DdlFRakZWT1ZYMDdpU08zN3l6bEk5em5SaGdrV1hlOWU1cWlZRVRqQXdVSlZwT09EZm5WZ09Ib2ZzVXBTZmM5b1JSa1dLSVE?oc=5,,BFM Business,2024,,https://news.google.com/rss/articles/CBMi6AFBVV95cUxPLVhTV1d6WnlQaV9SaXpocnJySWRJZVFjazRtaUNZQUVYbExRRTJXY2JwdTl3Mm5kUHNqNWxDNzdIaFplZFVXeDZIZUlGLURVVV85Q1RGdDdaWXM3QUwwaTRyNHRSWXR0dk56S09oNzJtN21HZHlvaWVQeUJVY21tamdlNktiMDRlTTQyR3B4UklvSVFPUGxua3V6TEthTXZaUDU1LUV3cjdhNF9KY1AxYlRWN2xoeGhGOUc1b3dYMl9QUG9lRVA4MnpQUzBIS0RWd2dSUm92U01xZE5pMlI5Mkd4UldGaDVM0gHuAUFVX3lxTE94N2NDekloOVdrOUk0dzVwVDhTUmpCaTlOQXctcUFKdERsOFRWNEdkVUFiamdqOHNpS1VSNFFvVHdlUUpBY2tsUzVKOXlHVS16dTNmNExOa0QwT05ORUR1Q19rVXZZQVdtU0FXSFJMOUFkRERkQlVyTU1HN0JoVXR5WmliZU9VMFlFZk5icVJ3akxSNGFPckF0cVVNcHNCSVR5RTVGQl9DdlFRakZWT1ZYMDdpU08zN3l6bEk5em5SaGdrV1hlOWU1cWlZRVRqQXdVSlZwT09EZm5WZ09Ib2ZzVXBTZmM5b1JSa1dLSVE?oc=5,BFM Business,2024-01-26
Malene Rydahl,"Frederik X, le «prince à scandales» devient roi du Danemark - Le Figaro",Le Figaro,"Sat, 13 Jan 2024 08:00:00 GMT",https://news.google.com/rss/articles/CBMipAFBVV95cUxQcXRtUTZnSHVxV1pNZFVvbE1KOWE3SV9YUXM0SS1DQ3l0VUFUVFJvRFdrWDB0RHFSLVJ2NGdZTzFRS243aVhuYUMxVGE1ZTVmOHlPRmFrRTVPazFkSHRGVXRKNVdKZGV4aGdXcDJ1aURCOE5JTnJLcHlDaEF1MXE5R0UzcjZkWmhqNWVTUS1YeGlxVk5nYjMxMmVpeUZJODc0R1EwOQ?oc=5,,Le Figaro,2024,,https://news.google.com/rss/articles/CBMipAFBVV95cUxQcXRtUTZnSHVxV1pNZFVvbE1KOWE3SV9YUXM0SS1DQ3l0VUFUVFJvRFdrWDB0RHFSLVJ2NGdZTzFRS243aVhuYUMxVGE1ZTVmOHlPRmFrRTVPazFkSHRGVXRKNVdKZGV4aGdXcDJ1aURCOE5JTnJLcHlDaEF1MXE5R0UzcjZkWmhqNWVTUS1YeGlxVk5nYjMxMmVpeUZJODc0R1EwOQ?oc=5,Le Figaro,2024-01-13
Malene Rydahl,"8 milliards de voisins - L'Empathie, la solution pour bien vivre ensemble à l’école ? - RFI",RFI,"Wed, 07 Feb 2024 08:00:00 GMT",https://news.google.com/rss/articles/CBMiygFBVV95cUxPY1YtQ29jZ1JBQjc5YTd5dGNRZ0xBUzRuRmNwNEo5b0tsV3JxOWU1amFrSlcwSG10Q3h4MDBNMl95Z3ByX0lWbHJjUi1tZzJUZUV1ZWh6ZlNObklPZnBpV3hhSENCQ3FtVHB6QVhfb3NPM1JNZVdudmdDUEthTFk3ZWJDTlcydEdYRkxBeEc5QUc1T01PYjNXLVpKTE9wa3QzNXd4cnNxUU1yQm5waTlpX3ExS0ktMG1nN0lteVpzRklIVjNyZGpLenBB?oc=5,,RFI,2024,,https://news.google.com/rss/articles/CBMiygFBVV95cUxPY1YtQ29jZ1JBQjc5YTd5dGNRZ0xBUzRuRmNwNEo5b0tsV3JxOWU1amFrSlcwSG10Q3h4MDBNMl95Z3ByX0lWbHJjUi1tZzJUZUV1ZWh6ZlNObklPZnBpV3hhSENCQ3FtVHB6QVhfb3NPM1JNZVdudmdDUEthTFk3ZWJDTlcydEdYRkxBeEc5QUc1T01PYjNXLVpKTE9wa3QzNXd4cnNxUU1yQm5waTlpX3ExS0ktMG1nN0lteVpzRklIVjNyZGpLenBB?oc=5,RFI,2024-02-07
Malene Rydahl,"«C’est fondamental pour développer la confiance en soi et aux autres»: Malene Rydahl, professeur d’empathie - Le Figaro",Le Figaro,"Sun, 03 Mar 2024 08:00:00 GMT",https://news.google.com/rss/articles/CBMi6AFBVV95cUxNYlRNVUl4QkREVnpWSXpvZlhiYi1uZUtEUk1xaWFNalJHTGxwbFVITDh6ZXo0WWdPWTA4Wm9JdnVJb3dKYUptQnpIZ0tlcVpKaEl1LUx1bE1JRXZMNk9zNnh1T2dBY1FhbENHZk1EQVZGR2ZVdjFOY202MmM4Qk1oQnN3Wm9xU0oydS1VVEZHQXBDcS1sM0d4SkJIeEhPOTVvX0VJS1dLRVNPU0dlNWNfNjl6S0NpUTNONHFJNFlDZko0VmhPemh1Z3V0aFpJdlh4UkNWeXFITWZfUDNyeng5QzlMV0t6VE9w?oc=5,,Le Figaro,2024,,https://news.google.com/rss/articles/CBMi6AFBVV95cUxNYlRNVUl4QkREVnpWSXpvZlhiYi1uZUtEUk1xaWFNalJHTGxwbFVITDh6ZXo0WWdPWTA4Wm9JdnVJb3dKYUptQnpIZ0tlcVpKaEl1LUx1bE1JRXZMNk9zNnh1T2dBY1FhbENHZk1EQVZGR2ZVdjFOY202MmM4Qk1oQnN3Wm9xU0oydS1VVEZHQXBDcS1sM0d4SkJIeEhPOTVvX0VJS1dLRVNPU0dlNWNfNjl6S0NpUTNONHFJNFlDZko0VmhPemh1Z3V0aFpJdlh4UkNWeXFITWZfUDNyeng5QzlMV0t6VE9w?oc=5,Le Figaro,2024-03-03
Malene Rydahl,Télématin L'interview d'actualité - Malene Rydahl - france.tv,france.tv,"Wed, 20 Mar 2024 07:00:00 GMT",https://news.google.com/rss/articles/CBMilgFBVV95cUxPNUNpZWpCaE1QV1NXcThJNjFseEhuWURqdWgtbHJXcHlKUDlYWVRDZVpEMUF6X3FraUxoNjRCQWdGa1c0Zk8xU3ZROUJGYm9WRjVNajJKWFg5elJjR05GQ0xxQk04QnUteUt3c3NKNjFfN1dfWHlMeXktYndjcHdRaDZoNXQ2ekx0eGdPS1h0a09QOGwycGc?oc=5,,france.tv,2024,,https://news.google.com/rss/articles/CBMilgFBVV95cUxPNUNpZWpCaE1QV1NXcThJNjFseEhuWURqdWgtbHJXcHlKUDlYWVRDZVpEMUF6X3FraUxoNjRCQWdGa1c0Zk8xU3ZROUJGYm9WRjVNajJKWFg5elJjR05GQ0xxQk04QnUteUt3c3NKNjFfN1dfWHlMeXktYndjcHdRaDZoNXQ2ekx0eGdPS1h0a09QOGwycGc?oc=5,france.tv,2024-03-20
Malene Rydahl,«L’empathie à l’école existe déjà : on la trouve dans la littérature» - Le Figaro,Le Figaro,"Wed, 10 Apr 2024 07:00:00 GMT",https://news.google.com/rss/articles/CBMirwFBVV95cUxOaGlwX2VzRkFtSkp5LU44bkhkRnpISGROYi1HTWtxcUhwdVpRZDFHOFlSbGxRYXVxRGcwWnlsNEdzYkRtaUNvc243WnM3RHRLODVrcXdUQUo2TklUUGtVbE5kVkNSRVdOeHotZjkxTkRaRkRTMUhOcnhqeWVabS1JSkVOTFg3cktOWUc5dUhvengwa1lUV0hZQV9TR2o2eVZWZkhCMEdBOGdvV3NsbDlN?oc=5,,Le Figaro,2024,,https://news.google.com/rss/articles/CBMirwFBVV95cUxOaGlwX2VzRkFtSkp5LU44bkhkRnpISGROYi1HTWtxcUhwdVpRZDFHOFlSbGxRYXVxRGcwWnlsNEdzYkRtaUNvc243WnM3RHRLODVrcXdUQUo2TklUUGtVbE5kVkNSRVdOeHotZjkxTkRaRkRTMUhOcnhqeWVabS1JSkVOTFg3cktOWUc5dUhvengwa1lUV0hZQV9TR2o2eVZWZkhCMEdBOGdvV3NsbDlN?oc=5,Le Figaro,2024-04-10
